{"cameraMode":{"drawMode":0,"name":"Shaded","section":"Shading Mode"},"sceneLighting":false,"audioPlay":false,"sceneViewState":{"showFog":true,"showMaterialUpdate":false,"showSkybox":false,"showFlares":true,"showImageEffects":true,"showParticleSystems":true},"in2DMode":false,"pivot":{"x":-3.571000099182129,"y":1.7580000162124634,"z":-1.7200000286102296},"rotation":{"x":0.2980583906173706,"y":-0.6430395245552063,"z":0.3002412021160126,"w":0.6384243369102478},"size":0.43301573395729067,"orthographic":false}