{"cameraMode":{"drawMode":0,"name":"Shaded","section":"Shading Mode"},"sceneLighting":true,"audioPlay":false,"sceneViewState":{"showFog":true,"showMaterialUpdate":false,"showSkybox":true,"showFlares":true,"showImageEffects":true,"showParticleSystems":true},"in2DMode":false,"pivot":{"x":30.672122955322267,"y":7.671250343322754,"z":0.4057654142379761},"rotation":{"x":-0.25116801261901858,"y":0.6716203689575195,"z":-0.26124677062034609,"w":-0.646349310874939},"size":10.837360382080079,"orthographic":false}